测试样本索引,TFIDF编码预测标签ID
0,14
1,12
2,9
3,5
4,5
5,18
6,8
7,5
8,8
9,17
10,15
11,16
12,9
13,13
14,3
15,9
16,2
17,13
18,7
19,11
20,14
21,11
22,19
23,14
24,16
25,9
26,8
27,3
28,6
29,10
30,7
31,4
32,19
33,8
34,5
35,3
36,2
37,13
38,0
39,0
40,14
41,16
42,12
43,7
44,2
45,0
46,0
47,6
48,7
49,13
50,0
51,6
52,6
53,0
54,13
55,3
56,1
57,0
58,1
59,2
60,14
61,9
62,7
63,7
64,18
65,1
66,7
67,4
68,16
69,16
70,18
71,7
72,9
73,5
74,2
75,2
76,8
77,2
78,3
79,4
80,2
81,8
82,2
83,11
84,7
85,10
86,10
87,6
88,4
89,1
90,18
91,18
92,18
93,18
94,3
95,1
96,5
97,1
98,18
99,16
100,19
101,1
102,3
103,12
104,4
105,13
106,7
107,17
108,11
109,2
110,7
111,16
112,10
113,14
114,3
115,9
116,17
117,8
118,15
119,14
120,2
121,7
122,6
123,17
124,4
125,2
126,1
127,6
128,14
129,12
130,9
131,17
132,12
133,2
134,4
135,4
136,14
137,10
138,0
139,14
140,3
141,19
142,1
143,7
144,13
145,3
146,15
147,3
148,6
149,13
150,2
151,19
152,19
153,14
154,2
155,4
156,18
157,5
158,15
159,19
160,4
161,6
162,4
163,11
164,10
165,14
166,17
167,4
168,1
169,7
170,15
171,14
172,7
173,9
174,0
175,6
176,14
177,7
178,3
179,9
180,10
181,17
182,10
183,8
184,17
185,9
186,10
187,10
188,8
189,13
190,17
191,16
192,5
193,3
194,10
195,0
196,13
197,9
198,18
199,12
200,12
201,7
202,4
203,11
204,17
205,15
206,10
207,16
208,11
209,10
210,12
211,13
212,16
213,4
214,0
215,12
216,2
217,4
218,5
219,18
220,8
221,13
222,8
223,8
224,1
225,7
226,17
227,11
228,15
229,4
230,11
231,18
232,2
233,6
234,8
235,8
236,4
237,3
238,18
239,19
240,12
241,19
242,12
243,10
244,0
245,6
246,7
247,6
248,14
249,13
250,3
251,16
252,3
253,15
254,6
255,11
256,7
257,10
258,7
259,3
260,6
261,16
262,15
263,18
264,9
265,0
266,8
267,3
268,14
269,7
270,6
271,16
272,4
273,2
274,19
275,8
276,19
277,13
278,3
279,17
280,12
281,13
282,10
283,12
284,7
285,12
286,2
287,16
288,2
289,13
290,6
291,9
292,13
293,12
294,0
295,2
296,1
297,15
298,17
299,11
300,11
301,7
302,15
303,15
304,19
305,10
306,19
307,14
308,10
309,3
310,8
311,2
312,19
313,7
314,6
315,9
316,10
317,14
318,8
319,0
320,18
321,13
322,2
323,6
324,10
325,4
326,18
327,1
328,4
329,14
330,6
331,2
332,4
333,15
334,13
335,6
336,2
337,3
338,9
339,3
340,1
341,9
342,13
343,16
344,9
345,10
346,7
347,10
348,17
349,1
350,18
351,17
352,0
353,2
354,12
355,9
356,7
357,0
358,3
359,15
360,13
361,15
362,18
363,8
364,14
365,3
366,14
367,5
368,16
369,2
370,15
371,6
372,16
373,5
374,1
375,18
376,7
377,9
378,16
379,8
380,0
381,1
382,2
383,10
384,17
385,1
386,7
387,4
388,7
389,7
390,9
391,1
392,12
393,0
394,18
395,6
396,16
397,8
398,0
399,19
400,1
401,18
402,16
403,11
404,3
405,6
406,3
407,1
408,16
409,16
410,19
411,8
412,8
413,5
414,18
415,0
416,2
417,3
418,9
419,3
420,15
421,1
422,1
423,15
424,2
425,3
426,14
427,3
428,7
429,6
430,16
431,1
432,3
433,17
434,2
435,8
436,11
437,13
438,10
439,5
440,3
441,0
442,2
443,12
444,9
445,8
446,1
447,11
448,8
449,1
450,9
451,0
452,17
453,14
454,12
455,19
456,2
457,14
458,14
459,17
460,2
461,11
462,5
463,11
464,13
465,15
466,15
467,7
468,1
469,19
470,7
471,2
472,15
473,12
474,14
475,4
476,7
477,12
478,9
479,17
480,19
481,13
482,16
483,5
484,13
485,9
486,11
487,18
488,16
489,18
490,3
491,0
492,7
493,18
494,14
495,0
496,13
497,13
498,12
499,12
500,0
501,16
502,17
503,10
504,13
505,11
506,2
507,7
508,14
509,13
510,3
511,9
512,8
513,18
514,10
515,3
516,12
517,16
518,11
519,4
520,2
521,4
522,0
523,17
524,13
525,12
526,11
527,10
528,0
529,5
530,1
531,11
532,15
533,1
534,1
535,9
536,5
537,18
538,16
539,12
540,4
541,5
542,6
543,16
544,15
545,10
546,6
547,15
548,18
549,9
550,8
551,1
552,15
553,10
554,14
555,10
556,10
557,0
558,4
559,4
560,14
561,12
562,6
563,7
564,2
565,16
566,14
567,0
568,15
569,15
570,14
571,7
572,17
573,1
574,8
575,0
576,16
577,13
578,15
579,10
580,2
581,4
582,18
583,1
584,10
585,8
586,12
587,7
588,19
589,14
590,12
591,6
592,6
593,10
594,3
595,17
596,6
597,15
598,6
599,13
600,11
601,8
602,4
603,18
604,15
605,15
606,3
607,17
608,1
609,15
610,5
611,5
612,4
613,2
614,0
615,11
616,1
617,2
618,15
619,7
620,15
621,9
622,5
623,15
624,12
625,4
626,18
627,6
628,3
629,14
630,4
631,5
632,3
633,1
634,6
635,1
636,9
637,5
638,8
639,13
640,0
641,7
642,19
643,19
644,5
645,2
646,6
647,18
648,12
649,4
650,8
651,18
652,3
653,6
654,17
655,13
656,16
657,19
658,0
659,11
660,8
661,16
662,14
663,12
664,7
665,6
666,9
667,12
668,15
669,1
670,3
671,9
672,14
673,7
674,1
675,17
676,15
677,17
678,7
679,8
680,6
681,9
682,0
683,11
684,5
685,3
686,7
687,2
688,16
689,16
690,14
691,19
692,0
693,0
694,14
695,3
696,18
697,10
698,17
699,7
700,7
701,11
702,2
703,17
704,14
705,16
706,1
707,1
708,10
709,11
710,5
711,13
712,7
713,17
714,1
715,8
716,1
717,14
718,4
719,7
720,8
721,0
722,10
723,1
724,12
725,7
726,5
727,16
728,7
729,14
730,5
731,5
732,8
733,2
734,5
735,16
736,1
737,1
738,19
739,11
740,7
741,17
742,18
743,4
744,15
745,10
746,6
747,16
748,15
749,8
750,5
751,12
752,7
753,2
754,17
755,2
756,5
757,15
758,17
759,15
760,17
761,16
762,0
763,7
764,16
765,1
766,14
767,14
768,13
769,10
770,1
771,11
772,19
773,15
774,11
775,8
776,10
777,7
778,7
779,4
780,15
781,1
782,3
783,4
784,15
785,0
786,7
787,5
788,1
789,19
790,6
791,10
792,15
793,3
794,1
795,11
796,7
797,13
798,14
799,12
800,2
801,14
802,5
803,10
804,14
805,3
806,14
807,16
808,6
809,17
810,10
811,10
812,3
813,3
814,1
815,0
816,13
817,15
818,0
819,0
820,8
821,15
822,7
823,15
824,18
825,0
826,11
827,17
828,13
829,14
830,17
831,10
832,11
833,3
834,10
835,1
836,10
837,18
838,3
839,19
840,4
841,6
842,18
843,14
844,11
845,4
846,14
847,10
848,17
849,4
850,0
851,15
852,1
853,10
854,13
855,1
856,2
857,2
858,9
859,8
860,17
861,18
862,12
863,9
864,5
865,18
866,1
867,15
868,13
869,11
870,5
871,3
872,10
873,15
874,16
875,6
876,15
877,15
878,0
879,12
880,17
881,12
882,3
883,16
884,0
885,11
886,18
887,0
888,19
889,4
890,9
891,17
892,8
893,11
894,5
895,10
896,12
897,6
898,3
899,2
900,10
901,6
902,14
903,8
904,19
905,13
906,10
907,19
908,13
909,13
910,0
911,1
912,8
913,15
914,1
915,8
916,4
917,1
918,2
919,2
920,3
921,5
922,3
923,12
924,1
925,12
926,6
927,16
928,10
929,0
930,1
931,1
932,12
933,12
934,11
935,15
936,0
937,5
938,4
939,18
940,15
941,14
942,14
943,3
944,7
945,7
946,14
947,10
948,12
949,18
950,14
951,5
952,14
953,14
954,9
955,17
956,4
957,12
958,3
959,10
960,9
961,15
962,0
963,12
964,19
965,16
966,10
967,15
968,15
969,3
970,18
971,6
972,14
973,4
974,17
975,2
976,15
977,13
978,16
979,0
980,17
981,7
982,0
983,2
984,6
985,2
986,2
987,9
988,13
989,15
990,15
991,0
992,3
993,10
994,15
995,7
996,12
997,12
998,14
999,2
1000,12
1001,10
1002,1
1003,6
1004,13
1005,11
1006,10
1007,14
1008,7
1009,12
1010,8
1011,16
1012,2
1013,10
1014,14
1015,2
1016,12
1017,4
1018,8
1019,14
1020,18
1021,11
1022,17
1023,0
1024,17
1025,0
1026,5
1027,7
1028,7
1029,17
1030,15
1031,11
1032,17
1033,9
1034,15
1035,1
1036,12
1037,14
1038,16
1039,16
1040,18
1041,10
1042,1
1043,5
1044,3
1045,17
1046,0
1047,0
1048,4
1049,15
1050,10
1051,17
1052,18
1053,11
1054,7
1055,18
1056,15
1057,4
1058,9
1059,3
1060,15
1061,11
1062,6
1063,17
1064,11
1065,10
1066,6
1067,4
1068,18
1069,17
1070,11
1071,0
1072,5
1073,0
1074,9
1075,7
1076,0
1077,17
1078,10
1079,16
1080,9
1081,6
1082,5
1083,4
1084,8
1085,13
1086,15
1087,18
1088,19
1089,9
1090,13
1091,10
1092,9
1093,9
1094,7
1095,0
1096,4
1097,17
1098,3
1099,18
1100,5
1101,7
1102,10
1103,2
1104,5
1105,10
1106,9
1107,14
1108,14
1109,9
1110,9
1111,4
1112,7
1113,14
1114,14
1115,19
1116,8
1117,18
1118,12
1119,8
1120,6
1121,9
1122,14
1123,15
1124,0
1125,13
1126,0
1127,7
1128,15
1129,0
1130,15
1131,11
1132,1
1133,4
1134,3
1135,7
1136,16
1137,1
1138,18
1139,0
1140,9
1141,6
1142,11
1143,15
1144,5
1145,7
1146,18
1147,7
1148,2
1149,18
1150,5
1151,5
1152,8
1153,11
1154,15
1155,16
1156,6
1157,17
1158,8
1159,10
1160,13
1161,18
1162,12
1163,12
1164,7
1165,9
1166,3
1167,7
1168,15
1169,1
1170,10
1171,13
1172,14
1173,14
1174,5
1175,13
1176,11
1177,6
1178,10
1179,1
1180,9
1181,10
1182,0
1183,10
1184,4
1185,9
1186,18
1187,2
1188,8
1189,13
1190,11
1191,13
1192,5
1193,15
1194,17
1195,4
1196,5
1197,17
1198,9
1199,9
1200,6
1201,11
1202,3
1203,9
1204,18
1205,8
1206,18
1207,1
1208,7
1209,3
1210,0
1211,11
1212,7
1213,5
1214,4
1215,4
1216,8
1217,1
1218,1
1219,9
1220,12
1221,5
1222,7
1223,11
1224,5
1225,7
1226,11
1227,3
1228,7
1229,0
1230,10
1231,7
1232,1
1233,2
1234,11
1235,8
1236,15
1237,2
1238,17
1239,12
1240,1
1241,8
1242,11
1243,9
1244,11
1245,13
1246,19
1247,13
1248,1
1249,19
1250,5
1251,8
1252,14
1253,3
1254,5
1255,15
1256,6
1257,17
1258,3
1259,6
1260,5
1261,5
1262,1
1263,2
1264,13
1265,1
1266,0
1267,10
1268,2
1269,3
1270,16
1271,2
1272,6
1273,17
1274,19
1275,5
1276,13
1277,16
1278,2
1279,1
1280,14
1281,7
1282,4
1283,9
1284,11
1285,6
1286,5
1287,18
1288,17
1289,12
1290,4
1291,0
1292,9
1293,11
1294,1
1295,4
1296,0
1297,4
1298,0
1299,16
1300,8
1301,11
1302,9
1303,16
1304,0
1305,17
1306,17
1307,19
1308,10
1309,8
1310,7
1311,9
1312,15
1313,11
1314,4
1315,11
1316,6
1317,14
1318,16
1319,0
1320,12
1321,17
1322,17
1323,11
1324,8
1325,12
1326,1
1327,18
1328,18
1329,10
1330,13
1331,6
1332,9
1333,4
1334,5
1335,14
1336,4
1337,19
1338,1
1339,17
1340,17
1341,13
1342,2
1343,18
1344,9
1345,2
1346,16
1347,9
1348,9
1349,19
1350,18
1351,18
1352,12
1353,7
1354,3
1355,18
1356,1
1357,16
1358,6
1359,0
1360,8
1361,8
1362,15
1363,14
1364,0
1365,5
1366,8
1367,19
1368,0
1369,12
1370,13
1371,6
1372,2
1373,1
1374,19
1375,3
1376,2
1377,6
1378,1
1379,2
1380,15
1381,0
1382,11
1383,15
1384,17
1385,5
1386,8
1387,0
1388,4
1389,0
1390,3
1391,7
1392,10
1393,6
1394,6
1395,19
1396,12
1397,9
1398,15
1399,18
1400,0
1401,12
1402,9
1403,7
1404,0
1405,3
1406,7
1407,2
1408,18
1409,2
1410,11
1411,3
1412,2
1413,2
1414,9
1415,12
1416,7
1417,11
1418,8
1419,9
1420,11
1421,4
1422,13
1423,16
1424,9
1425,15
1426,17
1427,3
1428,4
1429,5
1430,8
1431,15
1432,8
1433,4
1434,2
1435,5
1436,2
1437,11
1438,11
1439,18
1440,8
1441,4
1442,11
1443,5
1444,17
1445,8
1446,1
1447,3
1448,3
1449,0
1450,18
1451,13
1452,10
1453,5
1454,11
1455,2
1456,15
1457,4
1458,6
1459,6
1460,8
1461,16
1462,1
1463,13
1464,17
1465,17
1466,10
1467,17
1468,1
1469,9
1470,18
1471,7
1472,7
1473,16
1474,16
1475,8
1476,1
1477,1
1478,3
1479,2
1480,5
1481,4
1482,18
1483,16
1484,0
1485,14
1486,6
1487,9
1488,7
1489,6
1490,3
1491,5
1492,15
1493,19
1494,6
1495,3
1496,9
1497,16
1498,15
1499,15
1500,5
1501,3
1502,1
1503,2
1504,0
1505,6
1506,10
1507,16
1508,5
1509,19
1510,8
1511,18
1512,0
1513,9
1514,17
1515,2
1516,11
1517,10
1518,16
1519,5
1520,5
1521,14
1522,16
1523,7
1524,5
1525,6
1526,6
1527,2
1528,11
1529,15
1530,12
1531,5
1532,0
1533,17
1534,1
1535,1
1536,4
1537,13
1538,3
1539,5
1540,0
1541,13
1542,6
1543,16
1544,17
1545,4
1546,16
1547,4
1548,0
1549,14
1550,13
1551,18
1552,5
1553,0
1554,8
1555,16
1556,13
1557,7
1558,7
1559,10
1560,13
1561,1
1562,0
1563,6
1564,9
1565,19
1566,9
1567,14
1568,6
1569,7
1570,14
1571,17
1572,12
1573,13
1574,10
1575,3
1576,13
1577,3
1578,18
1579,1
1580,18
1581,16
1582,11
1583,3
1584,19
1585,10
1586,2
1587,18
1588,17
1589,13
1590,6
1591,4
1592,7
1593,11
1594,0
1595,1
1596,2
1597,11
1598,19
1599,7
1600,1
1601,19
1602,2
1603,14
1604,15
1605,4
1606,5
1607,0
1608,6
1609,6
1610,2
1611,0
1612,17
1613,19
1614,7
1615,0
1616,13
1617,14
1618,12
1619,13
1620,8
1621,13
1622,13
1623,9
1624,4
1625,12
1626,5
1627,2
1628,7
1629,4
1630,11
1631,16
1632,14
1633,8
1634,10
1635,6
1636,8
1637,17
1638,12
1639,1
1640,10
1641,3
1642,13
1643,15
1644,13
1645,1
1646,3
1647,8
1648,5
1649,2
1650,8
1651,1
1652,2
1653,16
1654,0
1655,8
1656,1
1657,16
1658,13
1659,16
1660,1
1661,7
1662,16
1663,19
1664,17
1665,12
1666,7
1667,18
1668,9
1669,15
1670,15
1671,14
1672,18
1673,13
1674,1
1675,9
1676,6
1677,9
1678,14
1679,6
1680,7
1681,2
1682,1
1683,1
1684,4
1685,6
1686,19
1687,3
1688,6
1689,0
1690,1
1691,2
1692,18
1693,16
1694,7
1695,13
1696,11
1697,13
1698,6
1699,13
1700,4
1701,10
1702,12
1703,8
1704,3
1705,18
1706,3
1707,7
1708,1
1709,0
1710,7
1711,9
1712,5
1713,1
1714,8
1715,9
1716,1
1717,16
1718,4
1719,0
1720,8
1721,2
1722,7
1723,14
1724,18
1725,4
1726,18
1727,18
1728,10
1729,19
1730,4
1731,14
1732,4
1733,16
1734,4
1735,17
1736,18
1737,7
1738,12
1739,5
1740,1
1741,14
1742,7
1743,10
1744,7
1745,1
1746,4
1747,5
1748,15
1749,14
1750,13
1751,7
1752,19
1753,16
1754,8
1755,10
1756,14
1757,15
1758,12
1759,15
1760,13
1761,5
1762,18
1763,5
1764,10
1765,18
1766,10
1767,19
1768,11
1769,14
1770,15
1771,19
1772,6
1773,11
1774,14
1775,17
1776,9
1777,13
1778,19
1779,15
1780,14
1781,0
1782,7
1783,13
1784,0
1785,15
1786,17
1787,0
1788,8
1789,1
1790,5
1791,3
1792,13
1793,1
1794,7
1795,2
1796,12
1797,9
1798,5
1799,2
1800,2
1801,9
1802,9
1803,1
1804,3
1805,5
1806,15
1807,15
1808,15
1809,16
1810,18
1811,4
1812,15
1813,6
1814,15
1815,0
1816,14
1817,19
1818,6
1819,1
1820,1
1821,14
1822,14
1823,19
1824,11
1825,0
1826,9
1827,15
1828,9
1829,18
1830,6
1831,10
1832,19
1833,1
1834,1
1835,2
1836,13
1837,4
1838,4
1839,5
1840,9
1841,16
1842,17
1843,6
1844,10
1845,19
1846,11
1847,15
1848,8
1849,6
1850,6
1851,7
1852,5
1853,7
1854,12
1855,3
1856,15
1857,19
1858,10
1859,13
1860,14
1861,15
1862,0
1863,16
1864,16
1865,5
1866,6
1867,5
1868,5
1869,3
1870,0
1871,1
1872,16
1873,18
1874,13
1875,6
1876,8
1877,13
1878,18
1879,15
1880,10
1881,3
1882,9
1883,16
1884,8
1885,15
1886,18
1887,1
1888,11
1889,15
1890,15
1891,0
1892,3
1893,7
1894,12
1895,8
1896,0
1897,4
1898,17
1899,13
1900,10
1901,15
1902,4
1903,18
1904,0
1905,4
1906,11
1907,6
1908,11
1909,15
1910,17
1911,0
1912,6
1913,1
1914,7
1915,6
1916,16
1917,0
1918,18
1919,3
1920,16
1921,0
1922,16
1923,1
1924,3
1925,13
1926,13
1927,3
1928,8
1929,0
1930,15
1931,15
1932,17
1933,10
1934,6
1935,9
1936,9
1937,7
1938,12
1939,10
1940,6
1941,12
1942,9
1943,19
1944,4
1945,16
1946,12
1947,15
1948,0
1949,7
1950,11
1951,19
1952,7
1953,3
1954,3
1955,3
1956,3
1957,8
1958,15
1959,1
1960,2
1961,9
1962,6
1963,17
1964,10
1965,18
1966,3
1967,17
1968,14
1969,6
1970,14
1971,4
1972,11
1973,16
1974,16
1975,0
1976,5
1977,16
1978,0
1979,1
1980,12
1981,17
1982,19
1983,1
1984,11
1985,5
1986,17
1987,16
1988,0
1989,4
1990,4
1991,1
1992,5
1993,7
1994,5
1995,17
1996,5
1997,10
1998,3
1999,17
2000,5
2001,7
2002,17
2003,4
2004,9
2005,15
2006,7
2007,7
2008,3
2009,15
2010,9
2011,1
2012,12
2013,15
2014,12
2015,1
2016,8
2017,9
2018,5
2019,18
2020,12
2021,19
2022,12
2023,5
2024,6
2025,10
2026,11
2027,7
2028,14
2029,14
2030,18
2031,6
2032,3
2033,8
2034,8
2035,0
2036,7
2037,16
2038,1
2039,18
2040,15
2041,15
2042,16
2043,16
2044,5
2045,8
2046,5
2047,5
2048,7
2049,0
2050,8
2051,18
2052,14
2053,8
2054,5
2055,18
2056,13
2057,12
2058,11
2059,18
2060,15
2061,19
2062,8
2063,8
2064,11
2065,1
2066,8
2067,4
2068,13
2069,16
2070,18
2071,17
2072,6
2073,7
2074,1
2075,10
2076,2
2077,15
2078,8
2079,6
2080,10
2081,16
2082,19
2083,11
2084,9
2085,0
2086,4
2087,17
2088,3
2089,18
2090,15
2091,18
2092,17
2093,7
2094,5
2095,8
2096,13
2097,1
2098,1
2099,2
2100,16
2101,6
2102,1
2103,13
2104,15
2105,16
2106,4
2107,6
2108,4
2109,7
2110,7
2111,9
2112,19
2113,13
2114,16
2115,6
2116,12
2117,7
2118,6
2119,11
2120,11
2121,0
2122,2
2123,8
2124,3
2125,12
2126,18
2127,7
2128,15
2129,9
2130,2
2131,4
2132,9
2133,8
2134,1
2135,13
2136,1
2137,9
2138,8
2139,4
2140,5
2141,3
2142,6
2143,3
2144,13
2145,2
2146,7
2147,15
2148,12
2149,17
2150,6
2151,15
2152,11
2153,16
2154,7
2155,18
2156,8
2157,18
2158,16
2159,0
2160,1
2161,13
2162,9
2163,16
2164,17
2165,7
2166,18
2167,10
2168,1
2169,7
2170,7
2171,13
2172,13
2173,17
2174,13
2175,16
2176,15
2177,8
2178,18
2179,10
2180,15
2181,3
2182,16
2183,8
2184,18
2185,5
2186,16
2187,16
2188,4
2189,4
2190,5
2191,7
2192,5
2193,11
2194,0
2195,14
2196,17
2197,14
2198,4
2199,18
2200,10
2201,10
2202,19
2203,19
2204,13
2205,9
2206,0
2207,2
2208,12
2209,19
2210,10
2211,15
2212,9
2213,1
2214,1
2215,14
2216,0
2217,12
2218,12
2219,12
2220,4
2221,7
2222,0
2223,10
2224,19
2225,1
2226,7
2227,1
2228,14
2229,9
2230,12
2231,11
2232,4
2233,19
2234,0
2235,1
2236,7
2237,6
2238,1
2239,10
2240,8
2241,10
2242,2
2243,5
2244,5
2245,13
2246,16
2247,5
2248,14
2249,0
2250,4
2251,0
2252,9
2253,14
2254,11
2255,4
2256,0
2257,2
2258,14
2259,12
2260,8
2261,7
2262,4
2263,13
2264,2
2265,5
2266,9
2267,12
2268,11
2269,15
2270,12
2271,17
2272,16
2273,2
2274,13
2275,14
2276,15
2277,0
2278,6
2279,0
2280,19
2281,18
2282,11
2283,19
2284,1
2285,0
2286,0
2287,16
2288,18
2289,9
2290,7
2291,18
2292,10
2293,14
2294,15
2295,9
2296,3
2297,9
2298,15
2299,7
2300,4
2301,14
2302,10
2303,15
2304,13
2305,8
2306,18
2307,16
2308,13
2309,1
2310,16
2311,1
2312,16
2313,19
2314,4
2315,7
2316,17
2317,10
2318,18
2319,19
2320,18
2321,6
2322,15
2323,13
2324,16
2325,1
2326,19
2327,12
2328,16
2329,19
2330,6
2331,13
2332,10
2333,17
2334,6
2335,19
2336,16
2337,2
2338,8
2339,4
2340,4
2341,8
2342,3
2343,0
2344,9
2345,11
2346,18
2347,14
2348,11
2349,1
2350,3
2351,2
2352,14
2353,0
2354,0
2355,4
2356,13
2357,13
2358,3
2359,9
2360,3
2361,18
2362,7
2363,3
2364,7
2365,3
2366,11
2367,9
2368,13
2369,18
2370,5
2371,9
2372,9
2373,4
2374,3
2375,0
2376,15
2377,2
2378,12
2379,12
2380,0
2381,4
2382,18
2383,14
2384,12
2385,6
2386,16
2387,19
2388,15
2389,12
2390,1
2391,11
2392,16
2393,11
2394,8
2395,16
2396,9
2397,0
2398,9
2399,13
2400,17
2401,7
2402,16
2403,19
2404,16
2405,12
2406,13
2407,10
2408,12
2409,2
2410,19
2411,1
2412,3
2413,18
2414,17
2415,18
2416,15
2417,8
2418,1
2419,13
2420,14
2421,13
2422,13
2423,3
2424,11
2425,1
2426,9
2427,19
2428,10
2429,6
2430,16
2431,13
2432,16
2433,8
2434,7
2435,1
2436,11
2437,18
2438,14
2439,0
2440,3
2441,1
2442,8
2443,17
2444,8
2445,0
2446,9
2447,3
2448,9
2449,8
2450,3
2451,10
2452,7
2453,9
2454,8
2455,4
2456,3
2457,14
2458,14
2459,5
2460,1
2461,4
2462,11
2463,2
2464,1
2465,18
2466,14
2467,9
2468,17
2469,8
2470,11
2471,10
2472,1
2473,15
2474,19
2475,16
2476,17
2477,9
2478,16
2479,7
2480,14
2481,15
2482,0
2483,16
2484,4
2485,1
2486,9
2487,14
2488,18
2489,19
2490,3
2491,17
2492,2
2493,9
2494,7
2495,5
2496,0
2497,17
2498,10
2499,13
2500,13
2501,18
2502,13
2503,12
2504,4
2505,1
2506,16
2507,18
2508,13
2509,6
2510,5
2511,11
2512,2
2513,2
2514,9
2515,15
2516,12
2517,14
2518,12
2519,8
2520,0
2521,7
2522,18
2523,3
2524,1
2525,9
2526,18
2527,16
2528,10
2529,17
2530,10
2531,0
2532,18
2533,7
2534,15
2535,7
2536,12
2537,11
2538,15
2539,16
2540,16
2541,9
2542,6
2543,11
2544,11
2545,13
2546,10
2547,16
2548,11
2549,9
2550,15
2551,10
2552,3
2553,5
2554,11
2555,15
2556,13
2557,15
2558,5
2559,1
2560,9
2561,13
2562,2
2563,1
2564,17
2565,15
2566,12
2567,18
2568,3
2569,16
2570,6
2571,9
2572,16
2573,8
2574,3
2575,10
2576,6
2577,14
2578,10
2579,2
2580,14
2581,14
2582,9
2583,2
2584,7
2585,4
2586,16
2587,17
2588,1
2589,17
2590,12
2591,3
2592,0
2593,14
2594,13
2595,4
2596,14
2597,10
2598,15
2599,7
2600,15
2601,7
2602,16
2603,2
2604,4
2605,5
2606,9
2607,3
2608,1
2609,6
2610,16
2611,14
2612,7
2613,11
2614,17
2615,5
2616,18
2617,7
2618,10
2619,2
2620,3
2621,19
2622,13
2623,1
2624,4
2625,5
2626,12
2627,11
2628,0
2629,7
2630,5
2631,11
2632,8
2633,9
2634,0
2635,7
2636,2
2637,0
2638,7
2639,8
2640,7
2641,12
2642,16
2643,9
2644,14
2645,5
2646,18
2647,15
2648,18
2649,0
2650,3
2651,7
2652,2
2653,17
2654,8
2655,3
2656,1
2657,4
2658,3
2659,4
2660,10
2661,1
2662,4
2663,8
2664,5
2665,13
2666,10
2667,7
2668,19
2669,10
2670,7
2671,4
2672,4
2673,8
2674,0
2675,0
2676,5
2677,5
2678,19
2679,7
2680,15
2681,12
2682,12
2683,1
2684,6
2685,9
2686,8
2687,0
2688,3
2689,19
2690,16
2691,0
2692,9
2693,6
2694,10
2695,1
2696,1
2697,13
2698,13
2699,3
2700,9
2701,15
2702,8
2703,4
2704,15
2705,9
2706,9
2707,7
2708,8
2709,3
2710,11
2711,1
2712,9
2713,0
2714,3
2715,2
2716,6
2717,15
2718,6
2719,10
2720,15
2721,15
2722,1
2723,11
2724,7
2725,3
2726,12
2727,2
2728,10
2729,3
2730,0
2731,0
2732,7
2733,19
2734,16
2735,7
2736,18
2737,5
2738,7
2739,8
2740,15
2741,7
2742,0
2743,8
2744,18
2745,12
2746,6
2747,17
2748,8
2749,8
2750,11
2751,0
2752,4
2753,7
2754,16
2755,15
2756,4
2757,9
2758,16
2759,12
2760,14
2761,13
2762,15
2763,6
2764,10
2765,13
2766,16
2767,8
2768,13
2769,8
2770,15
2771,1
2772,17
2773,9
2774,2
2775,10
2776,6
2777,14
2778,2
2779,12
2780,12
2781,0
2782,8
2783,1
2784,1
2785,18
2786,3
2787,5
2788,12
2789,17
2790,11
2791,17
2792,3
2793,10
2794,8
2795,17
2796,7
2797,0
2798,6
2799,8
2800,3
2801,6
2802,14
2803,10
2804,16
2805,14
2806,5
2807,10
2808,15
2809,16
2810,4
2811,2
2812,11
2813,4
2814,14
2815,9
2816,7
2817,1
2818,2
2819,12
2820,7
2821,5
2822,0
2823,14
2824,8
2825,15
2826,11
2827,2
2828,9
2829,5
2830,10
2831,2
2832,12
2833,14
2834,9
2835,18
2836,18
2837,11
2838,6
2839,17
2840,6
2841,14
2842,12
2843,5
2844,16
2845,14
2846,15
2847,0
2848,9
2849,18
2850,7
2851,0
2852,15
2853,17
2854,13
2855,9
2856,18
2857,11
2858,3
2859,16
2860,5
2861,19
2862,15
2863,15
2864,0
2865,6
2866,16
2867,12
2868,7
2869,10
2870,9
2871,5
2872,2
2873,0
2874,5
2875,8
2876,6
2877,11
2878,19
2879,10
2880,3
2881,12
2882,7
2883,0
2884,8
2885,7
2886,3
2887,2
2888,6
2889,15
2890,19
2891,15
2892,0
2893,17
2894,16
2895,0
2896,17
2897,12
2898,9
2899,6
2900,18
2901,7
2902,16
2903,6
2904,0
2905,3
2906,16
2907,16
2908,0
2909,4
2910,15
2911,16
2912,9
2913,11
2914,11
2915,7
2916,13
2917,6
2918,3
2919,3
2920,0
2921,12
2922,17
2923,14
2924,1
2925,3
2926,11
2927,2
2928,4
2929,17
2930,7
2931,11
2932,1
2933,9
2934,19
2935,15
2936,18
2937,16
2938,10
2939,2
2940,7
2941,12
2942,16
2943,0
2944,3
2945,14
2946,7
2947,8
2948,7
2949,15
2950,9
2951,9
2952,1
2953,4
2954,3
2955,19
2956,8
2957,17
2958,3
2959,15
2960,11
2961,3
2962,16
2963,4
2964,3
2965,11
2966,1
2967,5
2968,1
2969,0
2970,3
2971,11
2972,7
2973,10
2974,7
2975,1
2976,19
2977,2
2978,2
2979,11
2980,15
2981,6
2982,13
2983,17
2984,13
2985,10
2986,3
2987,15
2988,12
2989,7
2990,2
2991,13
2992,13
2993,7
2994,5
2995,7
2996,14
2997,3
2998,16
2999,5
3000,14
3001,0
3002,0
3003,12
3004,7
3005,1
3006,13
3007,18
3008,0
3009,10
3010,3
3011,2
3012,9
3013,15
3014,16
3015,17
3016,3
3017,3
3018,1
3019,13
3020,5
3021,17
3022,6
3023,3
3024,8
3025,14
3026,15
3027,6
3028,6
3029,8
3030,15
3031,5
3032,15
3033,8
3034,3
3035,5
3036,6
3037,13
3038,4
3039,1
3040,9
3041,18
3042,1
3043,12
3044,8
3045,0
3046,8
3047,17
3048,4
3049,18
3050,2
3051,13
3052,7
3053,7
3054,10
3055,13
3056,15
3057,18
3058,5
3059,8
3060,13
3061,5
3062,0
3063,6
3064,11
3065,15
3066,12
3067,10
3068,3
3069,4
3070,18
3071,0
3072,6
3073,19
3074,0
3075,16
3076,17
3077,14
3078,6
3079,11
3080,19
3081,18
3082,8
3083,10
3084,12
3085,7
3086,6
3087,1
3088,12
3089,7
3090,11
3091,2
3092,16
3093,4
3094,8
3095,4
3096,18
3097,19
3098,17
3099,9
3100,0
3101,10
3102,14
3103,18
3104,11
3105,1
3106,9
3107,19
3108,17
3109,5
3110,5
3111,3
3112,19
3113,19
3114,16
3115,18
3116,4
3117,5
3118,0
3119,13
3120,15
3121,15
3122,5
3123,6
3124,14
3125,5
3126,5
3127,8
3128,15
3129,7
3130,9
3131,16
3132,17
3133,4
3134,5
3135,0
3136,11
3137,4
3138,8
3139,4
3140,6
3141,18
3142,5
3143,17
3144,0
3145,11
3146,15
3147,9
3148,5
3149,6
3150,11
3151,15
3152,16
3153,8
3154,17
3155,11
3156,16
3157,19
3158,9
3159,13
3160,14
3161,7
3162,18
3163,4
3164,8
3165,1
3166,16
3167,2
3168,4
3169,15
3170,17
3171,5
3172,1
3173,13
3174,18
3175,18
3176,6
3177,8
3178,11
3179,16
3180,10
3181,11
3182,18
3183,11
3184,12
3185,17
3186,14
3187,15
3188,18
3189,0
3190,10
3191,4
3192,3
3193,19
3194,8
3195,2
3196,9
3197,10
3198,3
3199,6
3200,0
3201,8
3202,0
3203,12
3204,4
3205,13
3206,2
3207,10
3208,19
3209,4
3210,17
3211,0
3212,8
3213,3
3214,15
3215,8
3216,16
3217,13
3218,13
3219,2
3220,4
3221,7
3222,10
3223,10
3224,15
3225,17
3226,14
3227,13
3228,15
3229,18
3230,7
3231,11
3232,18
3233,13
3234,2
3235,0
3236,13
3237,15
3238,12
3239,8
3240,11
3241,0
3242,6
3243,16
3244,8
3245,15
3246,16
3247,11
3248,1
3249,8
3250,2
3251,12
3252,8
3253,6
3254,8
3255,18
3256,17
3257,0
3258,13
3259,19
3260,5
3261,5
3262,11
3263,18
3264,17
3265,17
3266,18
3267,9
3268,11
3269,16
3270,5
3271,16
3272,5
3273,6
3274,1
3275,4
3276,10
3277,15
3278,3
3279,3
3280,17
3281,2
3282,5
3283,9
3284,19
3285,5
3286,3
3287,16
3288,19
3289,1
3290,13
3291,9
3292,19
3293,19
3294,16
3295,8
3296,11
3297,0
3298,6
3299,12
3300,13
3301,1
3302,3
3303,17
3304,1
3305,14
3306,2
3307,8
3308,15
3309,1
3310,16
3311,7
3312,2
3313,17
3314,1
3315,8
3316,1
3317,5
3318,10
3319,0
3320,9
3321,2
3322,7
3323,1
3324,12
3325,10
3326,2
3327,2
3328,13
3329,15
3330,15
3331,4
3332,17
3333,9
3334,16
3335,1
3336,16
3337,5
3338,9
3339,0
3340,4
3341,8
3342,5
3343,14
3344,18
3345,17
3346,1
3347,2
3348,1
3349,16
3350,7
3351,11
3352,15
3353,0
3354,8
3355,4
3356,8
3357,0
3358,3
3359,6
3360,10
3361,7
3362,13
3363,16
3364,19
3365,8
3366,10
3367,5
3368,10
3369,8
3370,16
3371,16
3372,0
3373,12
3374,8
3375,5
3376,6
3377,19
3378,12
3379,14
3380,2
3381,15
3382,0
3383,9
3384,11
3385,8
3386,17
3387,12
3388,11
3389,15
3390,4
3391,16
3392,10
3393,10
3394,12
3395,0
3396,2
3397,13
3398,18
3399,16
3400,8
3401,11
3402,13
3403,1
3404,11
3405,4
3406,10
3407,5
3408,15
3409,1
3410,1
3411,19
3412,12
3413,12
3414,6
3415,10
3416,19
3417,13
3418,16
3419,9
3420,15
3421,4
3422,14
3423,17
3424,11
3425,11
3426,13
3427,12
3428,12
3429,1
3430,8
3431,13
3432,16
3433,11
3434,0
3435,7
3436,5
3437,9
3438,4
3439,17
3440,8
3441,1
3442,18
3443,6
3444,14
3445,3
3446,13
3447,17
3448,18
3449,14
3450,14
3451,8
3452,19
3453,12
3454,4
3455,17
3456,3
3457,13
3458,12
3459,4
3460,10
3461,0
3462,2
3463,16
3464,13
3465,2
3466,1
3467,11
3468,10
3469,15
3470,5
3471,17
3472,5
3473,3
3474,18
3475,17
3476,1
3477,19
3478,14
3479,8
3480,8
3481,13
3482,19
3483,17
3484,0
3485,16
3486,17
3487,2
3488,14
3489,13
3490,9
3491,5
3492,16
3493,9
3494,1
3495,15
3496,19
3497,12
3498,4
3499,11
3500,16
3501,14
3502,16
3503,3
3504,18
3505,16
3506,9
3507,18
3508,5
3509,16
3510,6
3511,2
3512,6
3513,12
3514,2
3515,5
3516,6
3517,3
3518,11
3519,9
3520,13
3521,10
3522,16
3523,11
3524,4
3525,17
3526,7
3527,12
3528,15
3529,12
3530,13
3531,15
3532,10
3533,15
3534,10
3535,18
3536,10
3537,0
3538,17
3539,12
3540,0
3541,17
3542,7
3543,4
3544,7
3545,13
3546,1
3547,3
3548,2
3549,5
3550,14
3551,18
3552,0
3553,7
3554,1
3555,12
3556,17
3557,10
3558,11
3559,3
3560,15
3561,6
3562,8
3563,14
3564,8
3565,11
3566,7
3567,14
3568,11
3569,5
3570,12
3571,1
3572,11
3573,8
3574,3
3575,6
3576,16
3577,4
3578,12
3579,2
3580,0
3581,3
3582,0
3583,12
3584,1
3585,11
3586,15
3587,4
3588,13
3589,18
3590,1
3591,4
3592,6
3593,16
3594,7
3595,5
3596,7
3597,15
3598,10
3599,11
3600,16
3601,1
3602,17
3603,3
3604,4
3605,15
3606,4
3607,0
3608,3
3609,13
3610,13
3611,5
3612,2
3613,15
3614,8
3615,11
3616,8
3617,13
3618,2
3619,7
3620,5
3621,12
3622,17
3623,14
3624,18
3625,8
3626,15
3627,10
3628,14
3629,16
3630,4
3631,11
3632,15
3633,2
3634,5
3635,9
3636,10
3637,11
3638,14
3639,8
3640,18
3641,4
3642,13
3643,3
3644,13
3645,7
3646,4
3647,12
3648,14
3649,10
3650,16
3651,17
3652,9
3653,4
3654,10
3655,0
3656,19
3657,12
3658,9
3659,9
3660,0
3661,9
3662,12
3663,9
3664,8
3665,6
3666,17
3667,6
3668,14
3669,17
3670,19
3671,5
3672,4
3673,3
3674,7
3675,1
3676,0
3677,6
3678,17
3679,11
3680,12
3681,13
3682,2
3683,15
3684,2
3685,13
3686,13
3687,1
3688,5
3689,15
3690,19
3691,3
3692,17
3693,15
3694,5
3695,10
3696,10
3697,4
3698,4
3699,15
3700,5
3701,19
3702,8
3703,3
3704,18
3705,15
3706,3
3707,9
3708,12
3709,11
3710,4
3711,16
3712,14
3713,18
3714,6
3715,8
3716,2
3717,4
3718,15
3719,1
3720,12
3721,15
3722,11
3723,8
3724,10
3725,10
3726,18
3727,12
3728,12
3729,8
3730,17
3731,17
3732,7
3733,10
3734,13
3735,16
3736,16
3737,8
3738,1
3739,19
3740,1
3741,13
3742,1
3743,9
3744,18
3745,9
3746,0
3747,19
3748,12
3749,3
3750,17
3751,1
3752,10
3753,12
3754,7
3755,0
3756,10
3757,16
3758,13
3759,3
3760,16
3761,9
3762,17
3763,17
3764,10
3765,7
3766,7
3767,5
3768,5
3769,13
3770,0
3771,0
3772,14
3773,15
3774,8
3775,14
3776,10
3777,16
3778,19
3779,7
3780,17
3781,9
3782,17
3783,17
3784,9
3785,17
3786,0
3787,13
3788,16
3789,11
3790,8
3791,1
3792,2
3793,18
3794,16
3795,12
3796,4
3797,3
3798,15
3799,15
3800,15
3801,17
3802,15
3803,11
3804,11
3805,16
3806,4
3807,0
3808,12
3809,7
3810,19
3811,15
3812,7
3813,14
3814,16
3815,15
3816,15
3817,9
3818,4
3819,5
3820,1
3821,5
3822,17
3823,0
3824,7
3825,9
3826,4
3827,11
3828,15
3829,12
3830,4
3831,16
3832,3
3833,2
3834,9
3835,0
3836,9
3837,0
3838,11
3839,16
3840,17
3841,2
3842,2
3843,16
3844,17
3845,17
3846,4
3847,4
3848,7
3849,6
3850,2
3851,6
3852,0
3853,15
3854,14
3855,6
3856,5
3857,2
3858,8
3859,15
3860,18
3861,7
3862,10
3863,7
3864,12
3865,18
3866,9
3867,2
3868,18
3869,6
3870,14
3871,17
3872,13
3873,8
3874,6
3875,11
3876,7
3877,10
3878,11
3879,16
3880,1
3881,9
3882,4
3883,5
3884,4
3885,13
3886,16
3887,18
3888,2
3889,2
3890,1
3891,5
3892,9
3893,0
3894,8
3895,1
3896,0
3897,19
3898,0
3899,13
3900,2
3901,18
3902,12
3903,9
3904,15
3905,15
3906,19
3907,11
3908,13
3909,9
3910,17
3911,0
3912,13
3913,7
3914,8
3915,13
3916,2
3917,4
3918,5
3919,19
3920,8
3921,6
3922,16
3923,4
3924,11
3925,8
3926,9
3927,12
3928,3
3929,3
3930,2
3931,13
3932,14
3933,12
3934,14
3935,8
3936,17
3937,15
3938,10
3939,12
3940,17
3941,8
3942,3
3943,11
3944,6
3945,6
3946,3
3947,11
3948,18
3949,17
3950,12
3951,17
3952,19
3953,4
3954,2
3955,0
3956,18
3957,0
3958,5
3959,4
3960,18
3961,15
3962,2
3963,2
3964,1
3965,16
3966,8
3967,14
3968,9
3969,18
3970,1
3971,5
3972,12
3973,4
3974,0
3975,7
3976,1
3977,16
3978,5
3979,7
3980,12
3981,15
3982,4
3983,8
3984,4
3985,13
3986,9
3987,9
3988,17
3989,1
3990,4
3991,16
3992,4
3993,4
3994,13
3995,2
3996,9
3997,0
3998,11
3999,6
4000,11
4001,6
4002,7
4003,0
4004,3
4005,9
4006,12
4007,6
4008,8
4009,11
4010,14
4011,12
4012,19
4013,13
4014,10
4015,3
4016,8
4017,17
4018,5
4019,17
4020,4
4021,13
4022,5
4023,11
4024,16
4025,14
4026,8
4027,11
4028,1
4029,13
4030,5
4031,2
4032,12
4033,1
4034,11
4035,6
4036,11
4037,1
4038,17
4039,8
4040,16
4041,3
4042,10
4043,2
4044,17
4045,2
4046,6
4047,10
4048,16
4049,7
4050,17
4051,16
4052,18
4053,19
4054,5
4055,12
4056,19
4057,1
4058,15
4059,12
4060,16
4061,2
4062,8
4063,8
4064,18
4065,8
4066,7
4067,17
4068,6
4069,0
4070,16
4071,1
4072,19
4073,6
4074,19
4075,16
4076,10
4077,7
4078,6
4079,13
4080,1
4081,0
4082,17
4083,14
4084,10
4085,14
4086,1
4087,18
4088,18
4089,4
4090,17
4091,0
4092,6
4093,16
4094,6
4095,14
4096,8
4097,7
4098,5
4099,5
4100,16
4101,3
4102,5
4103,6
4104,7
4105,17
4106,7
4107,17
4108,10
4109,12
4110,4
4111,4
4112,0
4113,9
4114,10
4115,15
4116,11
4117,7
4118,16
4119,3
4120,6
4121,10
4122,15
4123,2
4124,17
4125,2
4126,19
4127,0
4128,11
4129,11
4130,14
4131,13
4132,8
4133,17
4134,1
4135,0
4136,0
4137,13
4138,7
4139,16
4140,13
4141,2
4142,2
4143,3
4144,12
4145,15
4146,12
4147,15
4148,17
4149,5
4150,16
4151,8
4152,3
4153,10
4154,2
4155,3
4156,6
4157,0
4158,7
4159,10
4160,12
4161,15
4162,15
4163,13
4164,19
4165,0
4166,11
4167,9
4168,1
4169,1
4170,11
4171,17
4172,5
4173,8
4174,18
4175,4
4176,2
4177,13
4178,8
4179,12
4180,15
4181,4
4182,5
4183,17
4184,6
4185,9
4186,11
4187,5
4188,10
4189,14
4190,16
4191,5
4192,8
4193,3
4194,1
4195,12
4196,8
4197,3
4198,10
4199,10
4200,16
4201,8
4202,0
4203,4
4204,0
4205,15
4206,16
4207,1
4208,18
4209,6
4210,8
4211,15
4212,15
4213,12
4214,14
4215,5
4216,3
4217,12
4218,19
4219,18
4220,15
4221,12
4222,16
4223,1
4224,17
4225,19
4226,2
4227,1
4228,1
4229,15
4230,17
4231,8
4232,12
4233,3
4234,2
4235,2
4236,7
4237,10
4238,18
4239,16
4240,17
4241,12
4242,18
4243,12
4244,12
4245,13
4246,11
4247,13
4248,19
4249,3
4250,19
4251,13
4252,7
4253,2
4254,3
4255,10
4256,15
4257,0
4258,3
4259,9
4260,1
4261,16
4262,16
4263,2
4264,19
4265,18
4266,9
4267,12
4268,16
4269,17
4270,10
4271,12
4272,3
4273,3
4274,16
4275,18
4276,18
4277,7
4278,15
4279,9
4280,15
4281,15
4282,6
4283,4
4284,15
4285,15
4286,6
4287,5
4288,17
4289,0
4290,2
4291,0
4292,16
4293,4
4294,15
4295,13
4296,5
4297,10
4298,1
4299,7
4300,10
4301,4
4302,5
4303,11
4304,8
4305,2
4306,10
4307,4
4308,16
4309,12
4310,2
4311,3
4312,3
4313,6
4314,14
4315,14
4316,12
4317,8
4318,2
4319,17
4320,16
4321,18
4322,18
4323,19
4324,1
4325,14
4326,1
4327,7
4328,5
4329,19
4330,4
4331,5
4332,2
4333,0
4334,14
4335,1
4336,6
4337,2
4338,15
4339,8
4340,2
4341,13
4342,4
4343,5
4344,11
4345,0
4346,14
4347,12
4348,6
4349,11
4350,6
4351,4
4352,17
4353,18
4354,2
4355,12
4356,14
4357,0
4358,15
4359,2
4360,17
4361,10
4362,6
4363,2
4364,15
4365,10
4366,3
4367,12
4368,15
4369,10
4370,2
4371,4
4372,17
4373,9
4374,11
4375,14
4376,13
4377,16
4378,6
4379,9
4380,18
4381,10
4382,14
4383,9
4384,3
4385,9
4386,18
4387,5
4388,15
4389,15
4390,10
4391,11
4392,16
4393,12
4394,7
4395,0
4396,6
4397,14
4398,19
4399,6
4400,7
4401,13
4402,9
4403,13
4404,0
4405,16
4406,8
4407,6
4408,4
4409,10
4410,7
4411,14
4412,19
4413,18
4414,12
4415,3
4416,12
4417,18
4418,8
4419,1
4420,2
4421,8
4422,11
4423,5
4424,15
4425,15
4426,1
4427,0
4428,0
4429,1
4430,18
4431,5
4432,12
4433,16
4434,13
4435,18
4436,18
4437,18
4438,2
4439,1
4440,11
4441,13
4442,11
4443,4
4444,6
4445,10
4446,6
4447,0
4448,13
4449,17
4450,3
4451,12
4452,10
4453,10
4454,6
4455,15
4456,8
4457,17
4458,19
4459,1
4460,17
4461,14
4462,2
4463,3
4464,16
4465,9
4466,10
4467,6
4468,6
4469,5
4470,8
4471,8
4472,17
4473,2
4474,15
4475,16
4476,1
4477,1
4478,1
4479,8
4480,0
4481,0
4482,3
4483,15
4484,3
4485,4
4486,2
4487,8
4488,2
4489,3
4490,1
4491,3
4492,4
4493,3
4494,2
4495,7
4496,17
4497,3
4498,5
4499,12
4500,9
4501,7
4502,16
4503,1
4504,12
4505,15
4506,10
4507,2
4508,14
4509,13
4510,2
4511,3
4512,1
4513,4
4514,17
4515,3
4516,14
4517,10
4518,15
4519,9
4520,9
4521,12
4522,14
4523,14
4524,11
4525,3
4526,5
4527,5
4528,8
4529,2
4530,4
4531,14
4532,10
4533,15
4534,0
4535,7
4536,5
4537,13
4538,19
4539,9
4540,19
4541,18
4542,7
4543,1
4544,1
4545,9
4546,1
4547,6
4548,12
4549,4
4550,17
4551,14
4552,12
4553,2
4554,5
4555,15
4556,0
4557,14
4558,14
4559,18
4560,5
4561,5
4562,7
4563,4
4564,12
4565,17
4566,0
4567,17
4568,18
4569,19
4570,10
4571,9
4572,13
4573,1
4574,8
4575,2
4576,3
4577,4
4578,1
4579,18
4580,0
4581,4
4582,19
4583,18
4584,14
4585,12
4586,12
4587,2
4588,7
4589,13
4590,6
4591,3
4592,12
4593,18
4594,14
4595,11
4596,2
4597,16
4598,19
4599,9
4600,9
4601,15
4602,1
4603,5
4604,4
4605,11
4606,8
4607,17
4608,13
4609,7
4610,3
4611,5
4612,16
4613,4
4614,16
4615,12
4616,9
4617,9
4618,3
4619,19
4620,13
4621,11
4622,15
4623,5
4624,17
4625,9
4626,2
4627,4
4628,3
4629,17
4630,0
4631,9
4632,1
4633,11
4634,18
4635,14
4636,13
4637,8
4638,17
4639,8
4640,15
4641,6
4642,0
4643,17
4644,9
4645,9
4646,4
4647,9
4648,6
4649,5
4650,3
4651,19
4652,7
4653,14
4654,8
4655,8
4656,6
4657,8
4658,10
4659,12
4660,9
4661,19
4662,7
4663,10
4664,18
4665,5
4666,1
4667,17
4668,15
4669,15
4670,15
4671,10
4672,11
4673,17
4674,18
4675,13
4676,4
4677,2
4678,5
4679,11
4680,18
4681,5
4682,10
4683,15
4684,5
4685,15
4686,9
4687,12
4688,13
4689,18
4690,2
4691,7
4692,16
4693,7
4694,16
4695,18
4696,2
4697,6
4698,5
4699,1
4700,1
4701,16
4702,13
4703,0
4704,2
4705,5
4706,0
4707,10
4708,0
4709,11
4710,5
4711,4
4712,17
4713,14
4714,8
4715,5
4716,5
4717,10
4718,16
4719,8
4720,14
4721,12
4722,5
4723,15
4724,15
4725,13
4726,13
4727,11
4728,6
4729,11
4730,14
4731,4
4732,9
4733,4
4734,12
4735,11
4736,14
4737,10
4738,9
4739,8
4740,18
4741,14
4742,9
4743,6
4744,9
4745,0
4746,10
4747,14
4748,15
4749,6
4750,11
4751,3
4752,2
4753,13
4754,18
4755,15
4756,11
4757,15
4758,18
4759,18
4760,7
4761,16
4762,2
4763,11
4764,9
4765,19
4766,0
4767,14
4768,17
4769,2
4770,3
4771,10
4772,4
4773,14
4774,17
4775,4
4776,10
4777,5
4778,7
4779,9
4780,3
4781,16
4782,10
4783,9
4784,12
4785,9
4786,1
4787,2
4788,10
4789,15
4790,19
4791,13
4792,4
4793,17
4794,9
4795,18
4796,3
4797,13
4798,0
4799,17
4800,5
4801,6
4802,6
4803,9
4804,10
4805,5
4806,13
4807,9
4808,17
4809,9
4810,9
4811,2
4812,14
4813,16
4814,10
4815,12
4816,16
4817,18
4818,1
4819,11
4820,8
4821,17
4822,16
4823,8
4824,14
4825,14
4826,6
4827,17
4828,18
4829,1
4830,11
4831,11
4832,19
4833,11
4834,15
4835,9
4836,14
4837,4
4838,11
4839,14
4840,11
4841,12
4842,9
4843,11
4844,3
4845,10
4846,6
4847,15
4848,7
4849,16
4850,16
4851,7
4852,13
4853,10
4854,12
4855,5
4856,1
4857,16
4858,4
4859,3
4860,10
4861,1
4862,10
4863,6
4864,11
4865,0
4866,8
4867,18
4868,7
4869,16
4870,14
4871,14
4872,2
4873,11
4874,17
4875,19
4876,7
4877,2
4878,0
4879,3
4880,18
4881,15
4882,9
4883,3
4884,17
4885,1
4886,3
4887,12
4888,0
4889,5
4890,6
4891,4
4892,18
4893,12
4894,8
4895,16
4896,3
4897,18
4898,14
4899,6
4900,16
4901,16
4902,11
4903,15
4904,6
4905,18
4906,15
4907,15
4908,11
4909,16
4910,19
4911,1
4912,11
4913,8
4914,0
4915,4
4916,17
4917,13
4918,0
4919,0
4920,6
4921,19
4922,18
4923,2
4924,15
4925,19
4926,3
4927,15
4928,16
4929,9
4930,18
4931,18
4932,2
4933,1
4934,17
4935,1
4936,15
4937,6
4938,18
4939,10
4940,8
4941,9
4942,10
4943,15
4944,8
4945,6
4946,12
4947,15
4948,10
4949,16
4950,18
4951,13
4952,8
4953,6
4954,15
4955,18
4956,7
4957,1
4958,18
4959,15
4960,17
4961,15
4962,15
4963,5
4964,14
4965,16
4966,13
4967,19
4968,18
4969,15
4970,17
4971,10
4972,16
4973,14
4974,2
4975,8
4976,0
4977,6
4978,17
4979,13
4980,13
4981,12
4982,10
4983,6
4984,9
4985,10
4986,13
4987,7
4988,4
4989,16
4990,18
4991,2
4992,5
4993,19
4994,4
4995,2
4996,5
4997,11
4998,7
4999,3
5000,8
5001,14
5002,9
5003,1
5004,10
5005,18
5006,12
5007,6
5008,4
5009,8
5010,9
5011,18
5012,2
5013,17
5014,14
5015,19
5016,5
5017,4
5018,7
5019,19
5020,11
5021,9
5022,16
5023,0
5024,1
5025,17
5026,5
5027,9
5028,14
5029,12
5030,11
5031,12
5032,4
5033,12
5034,10
5035,13
5036,14
5037,6
5038,17
5039,7
5040,10
5041,19
5042,10
5043,9
5044,14
5045,8
5046,14
5047,8
5048,2
5049,9
5050,16
5051,18
5052,13
5053,8
5054,17
5055,13
5056,3
5057,13
5058,11
5059,3
5060,10
5061,13
5062,3
5063,9
5064,14
5065,1
5066,5
5067,12
5068,19
5069,0
5070,9
5071,1
5072,3
5073,19
5074,19
5075,6
5076,14
5077,14
5078,16
5079,19
5080,6
5081,9
5082,14
5083,2
5084,15
5085,16
5086,1
5087,4
5088,3
5089,15
5090,13
5091,1
5092,15
5093,6
5094,16
5095,3
5096,18
5097,1
5098,19
5099,14
5100,16
5101,4
5102,8
5103,13
5104,19
5105,5
5106,16
5107,2
5108,17
5109,11
5110,16
5111,2
5112,14
5113,18
5114,4
5115,7
5116,1
5117,13
5118,18
5119,11
5120,2
5121,9
5122,12
5123,12
5124,7
5125,18
5126,12
5127,7
5128,3
5129,8
5130,6
5131,8
5132,3
5133,12
5134,7
5135,19
5136,15
5137,0
5138,0
5139,15
5140,12
5141,17
5142,6
5143,12
5144,0
5145,8
5146,17
5147,18
5148,4
5149,15
5150,6
5151,17
5152,14
5153,2
5154,11
5155,19
5156,2
5157,14
5158,3
5159,17
5160,11
5161,6
5162,15
5163,17
5164,3
5165,8
5166,9
5167,17
5168,9
5169,16
5170,5
5171,5
5172,8
5173,4
5174,13
5175,10
5176,1
5177,13
5178,7
5179,3
5180,10
5181,7
5182,15
5183,10
5184,18
5185,9
5186,1
5187,15
5188,15
5189,8
5190,12
5191,0
5192,4
5193,3
5194,18
5195,14
5196,19
5197,17
5198,12
5199,16
5200,11
5201,1
5202,11
5203,9
5204,8
5205,15
5206,12
5207,10
5208,14
5209,15
5210,15
5211,10
5212,4
5213,16
5214,14
5215,9
5216,17
5217,7
5218,1
5219,8
5220,5
5221,10
5222,10
5223,8
5224,13
5225,12
5226,13
5227,13
5228,16
5229,2
5230,0
5231,18
5232,14
5233,13
5234,6
5235,18
5236,1
5237,11
5238,1
5239,15
5240,1
5241,4
5242,17
5243,2
5244,16
5245,13
5246,2
5247,9
5248,9
5249,7
5250,14
5251,3
5252,19
5253,4
5254,8
5255,10
5256,11
5257,8
5258,1
5259,7
5260,3
5261,19
5262,14
5263,9
5264,17
5265,3
5266,13
5267,19
5268,14
5269,12
5270,3
5271,13
5272,7
5273,16
5274,2
5275,15
5276,15
5277,17
5278,17
5279,8
5280,3
5281,14
5282,2
5283,12
5284,11
5285,16
5286,13
5287,15
5288,1
5289,16
5290,16
5291,11
5292,6
5293,19
5294,10
5295,5
5296,9
5297,14
5298,19
5299,10
5300,7
5301,16
5302,2
5303,13
5304,13
5305,8
5306,15
5307,14
5308,1
5309,15
5310,15
5311,14
5312,14
5313,4
5314,10
5315,5
5316,19
5317,16
5318,18
5319,11
5320,15
5321,12
5322,12
5323,16
5324,13
5325,0
5326,9
5327,10
5328,5
5329,9
5330,13
5331,15
5332,13
5333,0
5334,5
5335,11
5336,16
5337,1
5338,19
5339,8
5340,16
5341,6
5342,4
5343,13
5344,9
5345,14
5346,10
5347,8
5348,7
5349,7
5350,1
5351,2
5352,8
5353,17
5354,8
5355,0
5356,5
5357,8
5358,6
5359,18
5360,8
5361,2
5362,15
5363,3
5364,12
5365,18
5366,7
5367,4
5368,7
5369,17
5370,3
5371,0
5372,3
5373,15
5374,1
5375,11
5376,17
5377,12
5378,5
5379,4
5380,7
5381,7
5382,2
5383,12
5384,11
5385,16
5386,7
5387,13
5388,16
5389,6
5390,8
5391,1
5392,6
5393,4
5394,3
5395,1
5396,9
5397,14
5398,13
5399,1
5400,19
5401,12
5402,15
5403,7
5404,17
5405,13
5406,18
5407,1
5408,2
5409,4
5410,8
5411,16
5412,4
5413,6
5414,1
5415,2
5416,15
5417,12
5418,7
5419,6
5420,11
5421,0
5422,19
5423,3
5424,6
5425,1
5426,17
5427,10
5428,1
5429,7
5430,11
5431,6
5432,14
5433,5
5434,17
5435,0
5436,13
5437,8
5438,14
5439,2
5440,1
5441,0
5442,9
5443,1
5444,18
5445,10
5446,5
5447,14
5448,11
5449,9
5450,10
5451,8
5452,10
5453,10
5454,12
5455,0
5456,15
5457,12
5458,10
5459,19
5460,16
5461,19
5462,9
5463,9
5464,2
5465,7
5466,9
5467,11
5468,15
5469,15
5470,18
5471,6
5472,3
5473,7
5474,3
5475,14
5476,4
5477,3
5478,16
5479,3
5480,19
5481,3
5482,3
5483,15
5484,10
5485,5
5486,12
5487,18
5488,4
5489,6
5490,9
5491,9
5492,11
5493,9
5494,12
5495,17
5496,14
5497,8
5498,7
5499,18
5500,8
5501,0
5502,2
5503,18
5504,13
5505,18
5506,16
5507,10
5508,6
5509,16
5510,9
5511,11
5512,19
5513,3
5514,5
5515,7
5516,11
5517,18
5518,3
5519,12
5520,6
5521,13
5522,6
5523,7
5524,0
5525,5
5526,1
5527,16
5528,6
5529,8
5530,12
5531,10
5532,8
5533,1
5534,15
5535,19
5536,8
5537,5
5538,15
5539,14
5540,1
5541,12
5542,14
5543,18
5544,4
5545,13
5546,11
5547,16
5548,13
5549,8
5550,16
5551,7
5552,0
5553,14
5554,8
5555,17
5556,12
5557,6
5558,12
5559,6
5560,12
5561,5
5562,10
5563,19
5564,15
5565,10
5566,19
5567,14
5568,5
5569,3
5570,5
5571,4
5572,7
5573,1
5574,17
5575,15
5576,5
5577,7
5578,2
5579,16
5580,8
5581,13
5582,8
5583,14
5584,1
5585,4
5586,0
5587,3
5588,5
5589,7
5590,10
5591,0
5592,15
5593,19
5594,18
5595,0
5596,10
5597,9
5598,12
5599,18
5600,10
5601,10
5602,5
5603,2
5604,11
5605,11
5606,0
5607,3
5608,10
5609,9
5610,6
5611,4
5612,16
5613,11
5614,18
5615,17
5616,12
5617,13
5618,11
5619,18
5620,10
5621,5
5622,1
5623,2
5624,7
5625,16
5626,12
5627,9
5628,12
5629,10
5630,3
5631,3
5632,18
5633,8
5634,13
5635,8
5636,2
5637,1
5638,11
5639,16
5640,14
5641,13
5642,8
5643,6
5644,18
5645,17
5646,18
5647,6
5648,9
5649,4
5650,2
5651,11
5652,11
5653,8
5654,9
5655,13
5656,6
5657,2
5658,19
5659,5
5660,11
5661,14
5662,7
5663,15
5664,0
5665,16
5666,14
5667,16
5668,11
5669,14
5670,16
5671,10
5672,9
5673,18
5674,16
5675,2
5676,11
5677,15
5678,4
5679,0
5680,3
5681,12
5682,18
5683,4
5684,6
5685,11
5686,18
5687,4
5688,11
5689,2
5690,19
5691,15
5692,6
5693,19
5694,18
5695,9
5696,14
5697,4
5698,11
5699,4
5700,2
5701,6
5702,6
5703,19
5704,9
5705,17
5706,6
5707,5
5708,11
5709,6
5710,8
5711,13
5712,11
5713,12
5714,13
5715,7
5716,6
5717,4
5718,8
5719,18
5720,16
5721,9
5722,13
5723,1
5724,16
5725,0
5726,19
5727,19
5728,13
5729,14
5730,10
5731,5
5732,7
5733,7
5734,16
5735,15
5736,11
5737,16
5738,6
5739,16
5740,4
5741,2
5742,10
5743,7
5744,12
5745,6
5746,10
5747,7
5748,1
5749,4
5750,5
5751,4
5752,3
5753,13
5754,2
5755,5
5756,12
5757,1
5758,7
5759,4
5760,12
5761,10
5762,3
5763,4
5764,0
5765,8
5766,4
5767,6
5768,19
5769,6
5770,19
5771,9
5772,6
5773,12
5774,5
5775,15
5776,15
5777,6
5778,12
5779,18
5780,5
5781,10
5782,9
5783,2
5784,14
5785,6
5786,8
5787,15
5788,9
5789,16
5790,15
5791,17
5792,14
5793,7
5794,19
5795,17
5796,12
5797,5
5798,12
5799,13
5800,13
5801,17
5802,13
5803,15
5804,17
5805,12
5806,0
5807,17
5808,0
5809,16
5810,3
5811,13
5812,1
5813,9
5814,15
5815,10
5816,18
5817,16
5818,4
5819,8
5820,12
5821,19
5822,8
5823,1
5824,3
5825,10
5826,9
5827,7
5828,16
5829,2
5830,7
5831,15
5832,14
5833,3
5834,4
5835,7
5836,3
5837,0
5838,1
5839,1
5840,10
5841,16
5842,1
5843,7
5844,6
5845,7
5846,16
5847,9
5848,8
5849,9
5850,12
5851,19
5852,19
5853,0
5854,4
5855,15
5856,15
5857,1
5858,17
5859,7
5860,15
5861,11
5862,11
5863,10
5864,8
5865,17
5866,12
5867,9
5868,12
5869,16
5870,12
5871,2
5872,15
5873,3
5874,10
5875,10
5876,12
5877,15
5878,0
5879,10
5880,16
5881,15
5882,19
5883,6
5884,2
5885,9
5886,8
5887,5
5888,6
5889,15
5890,18
5891,11
5892,8
5893,9
5894,8
5895,6
5896,6
5897,4
5898,16
5899,4
5900,11
5901,18
5902,16
5903,18
5904,2
5905,6
5906,13
5907,17
5908,15
5909,14
5910,6
5911,17
5912,7
5913,15
5914,10
5915,11
5916,17
5917,17
5918,6
5919,5
5920,3
5921,18
5922,15
5923,5
5924,18
5925,1
5926,16
5927,15
5928,0
5929,19
5930,2
5931,19
5932,1
5933,8
5934,8
5935,7
5936,11
5937,1
5938,9
5939,1
5940,12
5941,12
5942,0
5943,13
5944,15
5945,16
5946,3
5947,19
5948,7
5949,15
5950,14
5951,9
5952,4
5953,11
5954,11
5955,17
5956,15
5957,17
5958,7
5959,6
5960,19
5961,11
5962,10
5963,10
5964,14
5965,5
5966,17
5967,15
5968,3
5969,6
5970,15
5971,3
5972,2
5973,1
5974,2
5975,18
5976,18
5977,6
5978,6
5979,14
5980,1
5981,4
5982,15
5983,16
5984,14
5985,15
5986,3
5987,6
5988,18
5989,2
5990,14
5991,5
5992,13
5993,0
5994,6
5995,13
5996,19
5997,8
5998,2
5999,12
